Feature,Mean SHAP Values 1
gauss_sq,0.28677142857142857
gauss,0.16441904761904763
kmean_3,0.03439047619047619
kmean_6,0.018161904761904758
kmean_7,0.013847619047619046
kmean_9,0.013419047619047617
kmean_10,0.013114285714285719
kmean_8,0.009276190476190476
kmean_5,0.009104761904761905
kmean_4,0.008238095238095237
kmean_2,0.0023428571428571426
